"New York City, NY",406
"Brooklyn, NY",217
"Chicago, IL",21
"Toronto, Canada",24
"Mountain View, CA",6
"Paris, France",7
"San Francisco, CA",124
"Berlin, Germany",28
"Portland, ME",2
"Boston, MA",24
"Ann Arbor, MI",4
"Seattle, WA",36
"Oakland, CA",20
"Little Rock, AR",1
"Palo Alto, CA",2
"Stockholm, Sweden",5
"Madison, WI",3
"Frankfurt am Main, Germany",1
"Denver, CO",6
"San Jose, CA",6
"Vancouver, Canada",16
"Houston, TX",4
"Taipei, Taiwan",5
"Berkeley, CA",14
"Bellingham, WA",1
"Barcelona, Spain",5
"Hong Kong, Hong Kong",2
"Arlington, VA",2
"Los Angeles, CA",23
"Recife, Brazil",2
"Atlantic City, NJ",1
"Philadelphia, PA",17
"Kitchener, Canada",2
"Boulder, CO",3
"Tokyo, Japan",4
"London, United Kingdom",45
"Portland, OR",20
"St. Louis, MO",3
"Grand Rapids, MI",2
"Uppsala, Sweden",1
"Austin, TX",10
"Redmond, WA",1
"Pittsburgh, PA",7
"Edmundston, Canada",1
Singapore,4
"Zürich, Switzerland",6
"East Brunswick, NJ",1
"Washington, DC",15
"Manhattan, NY",8
"Malmö, Sweden",2
"Utrecht, Netherlands",1
"Québec, Canada",1
"Memphis, TN",1
"Calgary, Canada",3
"Copenhagen, Denmark",3
"Montréal, Canada",19
"Helsinki, Finland",2
"Oxford, United Kingdom",3
"New Haven, CT",3
"Santa Cruz, CA",1
"Bengaluru, India",7
"Minneapolis, MN",2
"Cambridge, MA",14
"North Providence, RI",1
"Montevideo, Uruguay",1
"Milwaukee, WI",1
"Amsterdam, Netherlands",9
"Portsmouth, NH",1
"Zaragoza, Spain",2
"Fribourg, Switzerland",1
"Tucson, AZ",2
"Mexico City, Mexico",2
"Buffalo, NY",1
"Providence, RI",2
"San Leandro, CA",1
"Gorizia, Italy",1
"Jersey City, NJ",6
"Belo Horizonte, Brazil",3
"Buenos Aires, Argentina",5
"Golden, CO",1
"San Diego, CA",5
"Davis, CA",1
"Newport Beach, CA",2
"İstanbul, Turkey",2
"Salt Lake City, UT",9
"Porto Alegre, Brazil",1
"Dallas, TX",3
"Beacon, NY",1
"Phoenix, AZ",3
"Lima, Peru",3
"Melbourne, Australia",5
"Vienna, Austria",1
"Järvenpää, Finland",1
"Cambridge, United Kingdom",3
"Ottawa, Canada",3
"Tel Aviv, Israel",6
"Warsaw, Poland",2
"Moscow, Russia",3
"New Delhi, India",1
"Newark, NJ",2
"Palisades Park, NJ",1
"Madrid, Spain",4
"Cleveland, OH",1
"Secaucus, NJ",1
"Orlando, FL",1
"Lisbon, Portugal",2
"Fremont, CA",1
"Vilnius, Lithuania",1
"Harrison, NY",1
"Greenbelt, MD",1
"Fresno, CA",1
"Rochester, NY",4
United Kingdom,1
"Warren Township, NJ",1
"Orange, CA",1
"Chelmsford, MA",1
"Summit, NJ",1
"Sydney, Australia",3
"Curitiba, Brazil",1
"Westbury, NY",1
"São Paulo, Brazil",1
"Girona, Spain",1
"San Mateo, CA",2
"Paramus, NJ",1
"Brussels, Belgium",1
"Dublin, Ireland",2
"Bern, Switzerland",1
"Santa Barbara, CA",1
"Florianópolis, Brazil",1
"Darmstadt, Germany",1
"Milano, Italy",2
"Kraków, Poland",1
Switzerland,1
"Tulsa, OK",1
"Midland, MI",1
"Worcester, MA",1
"Wellington, New Zealand",1
"Sevilla, Spain",1
"Kolkata, India",1
"Beirut, Lebanon",1
"Santa Clara, CA",2
India,4
"Kingston, Canada",1
Costa Rica,1
"New Brunswick, NJ",1
"Raleigh, NC",3
"Port Elizabeth, South Africa",1
"Dar es Salaam, Tanzania",1
"Santa Fe, NM",1
"Norwalk, CT",2
"Clifton, NJ",1
"Kuala Lumpur, Malaysia",1
"Hoboken, NJ",2
"Atlanta, GA",4
"New Bedford, MA",1
"Newburgh, NY",1
"Baltimore, MD",3
"Cleveland Heights, OH",1
"Albany, NY",2
"Union City, NJ",1
"Burlington, VT",1
"Brighton, United Kingdom",1
"Leipzig, Germany",1
"Lynbrook, NY",1
"Irvine, CA",1
"Ithaca, NY",3
"Brisbane, Australia",1
"Victorville, CA",1
"Haifa, Israel",1
"San Luis Obispo, CA",1
"Oceanside, NY",1
"Sarasota, FL",1
"Eastchester, NY",2
"Boise, ID",1
"Mamaroneck, NY",1
"San Juan, Puerto Rico",1
"Urbana, IL",2
"Cartersville, GA",1
"Braunschweig, Germany",1
"Harrisonburg, VA",1
"Fredericton, Canada",1
"Gilbert, AZ",1
"Blacksburg, VA",1
"Rutherford, NJ",1
"Canterbury, United Kingdom",1
"Munich, Germany",1
"Silver Spring, MD",1
United States,1
"Morristown, NJ",1
"Jamaica, NY",1
"Madison, NJ",1
"Northampton, MA",2
"Rotterdam, Netherlands",1
"Utica, NY",1
"The Bronx, NY",1
"Lawrence, KS",1
"Edison, NJ",1
"Dayton, OH",1
"Yonkers, NY",1
"Rio de Janeiro, Brazil",1
"Pune, India",1
"Halifax, Canada",1
Argentina,1
"Accra, Ghana",3
"Nutley, NJ",1
"Scarsdale, NY",1
"Mississauga, Canada",1
"Hanover, MD",1
"Beijing, China",1
"Belgrade, Serbia",1
"Delaware, OH",1
"Goodyear, AZ",1
"Cholula, Mexico",1
"Santa Monica, CA",1
"Ellicott City, MD",1
"Bentonville, AR",1
"Bellevue, WA",2
"Fair Lawn, NJ",1
"Baton Rouge, LA",1
"Islamabad, Pakistan",1
"Elko, NV",1
"Saint Paul, MN",1
"Poznań, Poland",1
"Binghamton, NY",1
"Saarbrücken, Germany",1
"Centreville, VA",1
"Hayward, CA",1
"Sanger, CA",1
"Trenton, NJ",1
"Coimbatore, India",1
"Asheville, NC",1
"Novi, MI",1
"Delhi, India",1
Vietnam,1
"Victoria, Canada",1
"Burlington, MA",1
"Köln, Germany",1
"Cochabamba, Bolivia",1
"Lowell, MA",1
"Pacifica, CA",1
"Edinburgh, United Kingdom",1
"Durham, NC",2
"Delft, Netherlands",1
"Rösrath, Germany",1
"Waterloo, Canada",1
"Budapest, Hungary",1
"Bel Air North, MD",1
"Columbia, MD",1
"Omaha, NE",1
"Kanpur, India",1
"Bismarck, ND",1
"Idaho Falls, ID",1
